Location,Date,AQImean,AQImed,AQImin,AQImax,AQIstd,Date,Measurements
barishal,2014-02-28,244.91666666666666,251.0,118.0,330.0,66.4111961170477,2014-02-17,12
barishal,2014-03-31,176.69230769230768,161.0,108.0,303.0,49.28429301980031,2014-03-01,26
barishal,2014-04-30,135.96,137.0,56.0,194.0,36.378198599344266,2014-04-01,25
barishal,2014-05-31,97.35483870967742,97.0,63.0,130.0,21.330023264711137,2014-05-01,31
barishal,2014-06-30,99.96551724137932,102.0,70.0,126.0,14.163541623832973,2014-06-01,29
barishal,2014-07-31,77.95833333333333,76.0,56.0,108.0,16.554203897097153,2014-07-01,24
barishal,2014-08-31,75.27272727272727,68.0,52.0,118.0,21.354582220642524,2014-08-21,11
barishal,2014-09-30,101.03333333333333,89.0,54.0,219.0,38.83518075621401,2014-09-01,30
barishal,2014-10-31,151.61290322580646,161.0,58.0,194.0,33.646869511991596,2014-10-01,31
barishal,2014-11-30,251.66666666666666,252.0,111.0,390.0,74.49264289950952,2014-11-01,27
barishal,2014-12-31,302.61290322580646,313.0,143.0,406.0,53.06076857048268,2014-12-01,31
barishal,2015-01-31,279.83870967741933,296.0,150.0,373.0,60.81178437013314,2015-01-01,31
barishal,2015-02-28,219.82142857142858,245.5,0.0,329.0,86.35887806187517,2015-02-01,28
barishal,2015-03-31,174.16129032258064,178.0,96.0,303.0,40.85021156550155,2015-03-01,31
barishal,2015-04-30,115.46153846153847,102.0,19.0,349.0,64.11878399921868,2015-04-01,26
barishal,2015-05-31,94.31818181818181,92.0,73.0,157.0,19.181802794355868,2015-05-01,22
barishal,2015-06-30,81.55172413793103,76.0,59.0,123.0,16.474192386224132,2015-06-01,29
barishal,2015-07-31,85.07692307692308,82.0,49.0,126.0,20.329137860564728,2015-07-01,26
barishal,2015-08-31,80.36666666666666,74.0,55.0,127.0,19.214727349781384,2015-08-01,30
barishal,2015-09-30,92.61538461538461,93.5,16.0,164.0,42.60523622568186,2015-09-01,26
barishal,2015-10-31,124.38709677419355,119.0,27.0,219.0,52.9437924717367,2015-10-01,31
barishal,2015-11-30,177.94736842105263,189.0,62.0,282.0,58.44795755789981,2015-11-01,19
barishal,2015-12-31,292.6,306.5,177.0,402.0,59.06256180438292,2015-12-01,30
barishal,2016-01-31,302.8666666666667,295.0,195.0,362.0,51.291696162615786,2016-01-01,15
barishal,2016-02-29,221.58333333333334,185.0,126.0,407.0,77.5460125214122,2016-02-01,24
barishal,2016-03-31,152.05263157894737,160.0,57.0,272.0,47.84868938668427,2016-03-01,19
barishal,2016-04-30,81.0952380952381,79.0,54.0,110.0,14.669372044858502,2016-04-09,21
barishal,2016-05-31,84.41935483870968,88.0,43.0,118.0,22.461484358116063,2016-05-01,31
barishal,2016-06-30,60.130434782608695,56.0,12.0,107.0,27.266870253821487,2016-06-01,23
barishal,2016-07-31,55.71875,54.0,32.0,134.0,20.231298612505995,2016-07-01,32
barishal,2016-08-31,60.12903225806452,56.0,25.0,119.0,23.978798879404376,2016-08-01,31
barishal,2016-09-30,68.73076923076923,68.5,29.0,102.0,16.481644802161444,2016-09-01,26
barishal,2016-10-31,104.23333333333333,102.5,42.0,179.0,40.37127976526206,2016-10-01,30
barishal,2016-11-30,204.06666666666666,225.5,59.0,314.0,73.4827839716888,2016-11-01,30
barishal,2016-12-31,256.6774193548387,248.0,167.0,379.0,56.975659771972914,2016-12-01,31
barishal,2017-01-31,293.03333333333336,296.0,156.0,362.0,45.10637490944339,2017-01-01,30
barishal,2017-02-28,266.17857142857144,295.0,128.0,347.0,68.83638872499347,2017-02-01,28
barishal,2017-03-31,142.41379310344828,136.0,59.0,301.0,49.5093910582191,2017-03-01,29
barishal,2017-04-30,91.71428571428571,93.0,44.0,136.0,28.101478994763276,2017-04-01,28
barishal,2017-05-31,84.03333333333333,82.5,49.0,124.0,18.892588098444087,2017-05-01,30
barishal,2017-06-30,54.4,53.0,24.0,103.0,17.05892424954528,2017-06-01,30
barishal,2017-07-31,47.15384615384615,43.0,28.0,82.0,15.027154907546025,2017-07-01,26
barishal,2017-08-31,58.80952380952381,54.0,31.0,122.0,24.017949636925817,2017-08-01,21
barishal,2017-09-30,66.3076923076923,65.0,22.0,129.0,27.324376268481195,2017-09-05,26
barishal,2017-10-31,83.35483870967742,74.0,12.0,212.0,58.40293850318194,2017-10-01,31
barishal,2017-11-30,187.51724137931035,169.0,90.0,379.0,62.07001846397524,2017-11-01,29
barishal,2017-12-31,186.06666666666666,177.5,31.0,360.0,78.56599831959132,2017-12-01,30
barishal,2018-01-31,195.38709677419354,198.0,133.0,274.0,35.94966612673414,2018-01-01,31
barishal,2018-02-28,138.85185185185185,127.0,34.0,289.0,64.46388595634451,2018-02-01,27
barishal,2018-03-31,87.64516129032258,61.0,38.0,210.0,53.554675106907816,2018-03-01,31
barishal,2018-04-30,41.333333333333336,32.5,22.0,96.0,21.142102680365703,2018-04-01,30
barishal,2018-05-31,53.96666666666667,53.0,21.0,94.0,21.1260312269555,2018-05-01,30
barishal,2018-06-30,56.925925925925924,62.0,22.0,86.0,20.254013706548914,2018-06-01,27
barishal,2018-07-31,38.96666666666667,39.0,8.0,71.0,14.672242931592912,2018-07-01,30
barishal,2018-08-31,39.96774193548387,34.0,13.0,93.0,21.217106103280187,2018-08-01,31
barishal,2018-09-30,74.25,63.5,8.0,152.0,42.64897636737821,2018-09-01,28
barishal,2018-10-31,123.71428571428571,148.5,19.0,219.0,60.117081533150724,2018-10-01,28
barishal,2018-11-30,192.6,199.5,55.0,336.0,75.46024301486229,2018-11-01,30
barishal,2018-12-31,239.03571428571428,236.0,92.0,311.0,55.642697529503266,2018-12-01,28
barishal,2019-01-31,279.06451612903226,293.0,175.0,356.0,53.614634497104085,2019-01-01,31
barishal,2019-02-28,192.43333333333334,181.5,58.0,337.0,68.09763950202039,2019-02-01,30
barishal,2019-03-31,129.03333333333333,115.0,74.0,223.0,37.33306137010957,2019-03-01,30
barishal,2019-04-30,80.43333333333334,75.0,36.0,152.0,30.188697740451932,2019-04-01,30
barishal,2019-05-31,68.73333333333333,74.0,27.0,110.0,28.191382069499646,2019-05-01,30
barishal,2019-06-30,38.03333333333333,34.0,22.0,69.0,12.474756119054396,2019-06-01,30
barishal,2019-07-31,35.793103448275865,31.0,13.0,104.0,20.99384146149401,2019-07-01,29
barishal,2019-08-31,24.3125,20.0,8.0,60.0,15.580837589808834,2019-08-01,16
barishal,2019-09-30,54.44444444444444,54.0,26.0,91.0,19.210095725367374,2019-09-02,9
barishal,2019-10-31,126.52941176470588,119.0,40.0,213.0,43.541815601584105,2019-10-07,17
barishal,2019-11-30,193.88,188.0,58.0,305.0,53.53684089795862,2019-11-01,25
barishal,2019-12-31,254.8421052631579,242.0,157.0,383.0,65.0762485754593,2019-12-01,19
barishal,2020-01-31,276.92,283.0,111.0,365.0,61.81755414119845,2020-01-01,25
barishal,2020-02-29,240.64,224.0,168.0,349.0,53.056479340416104,2020-02-01,25
barishal,2020-03-31,193.46153846153845,180.0,117.0,313.0,58.91323476748864,2020-03-01,13
barishal,2020-08-31,25.666666666666668,25.0,7.0,44.0,8.873180564675405,2020-08-09,21
barishal,2020-09-30,34.0,31.0,12.0,83.0,15.101952374353502,2020-09-01,30
barishal,2020-10-31,73.5909090909091,72.0,13.0,161.0,33.51710166312272,2020-10-04,22
barishal,2020-11-30,157.7826086956522,160.0,22.0,217.0,40.829976200357244,2020-11-01,23
barishal,2020-12-31,259.2,263.0,160.0,338.0,46.604720790924176,2020-12-01,25
barishal,2021-01-31,298.1666666666667,294.0,240.0,385.0,37.260150839465354,2021-01-01,24
barishal,2021-02-28,260.9130434782609,277.0,140.0,319.0,54.38659012818096,2021-02-01,23
barishal,2021-03-31,164.8148148148148,161.0,53.0,380.0,61.22972947906739,2021-03-01,27
barishal,2021-04-30,118.53571428571429,110.5,64.0,184.0,34.82813054484374,2021-04-01,28
barishal,2021-05-31,69.75,70.0,27.0,123.0,25.26673494412845,2021-05-01,20
barishal,2022-02-28,142.1,132.0,105.0,223.0,35.54480740323871,2022-02-01,10
barishal,2022-05-31,52.46153846153846,47.0,24.0,104.0,20.85112061183357,2022-05-08,13
chittagong,2014-02-28,204.08333333333334,198.5,122.0,321.0,72.61912887654243,2014-02-17,12
chittagong,2014-03-31,207.27586206896552,188.0,93.0,353.0,73.87629455076726,2014-03-01,29
chittagong,2014-04-30,167.0,158.0,66.0,307.0,61.973297920736904,2014-04-01,30
chittagong,2014-05-31,99.93333333333334,88.5,41.0,174.0,37.590289770863315,2014-05-01,30
chittagong,2014-06-30,92.6896551724138,97.0,55.0,155.0,25.872080164140346,2014-06-01,29
chittagong,2014-07-31,69.4,75.0,33.0,106.0,22.816295346382002,2014-07-01,25
chittagong,2014-08-31,56.45454545454545,52.0,27.0,116.0,23.38531007433357,2014-08-21,11
chittagong,2014-09-30,68.36666666666666,55.0,22.0,195.0,39.20545645815074,2014-09-01,30
chittagong,2014-10-31,117.54838709677419,120.0,37.0,179.0,40.039845745355066,2014-10-01,31
chittagong,2014-11-30,214.06896551724137,217.0,47.0,332.0,94.94695174317181,2014-11-02,29
chittagong,2014-12-31,199.70967741935485,192.5,116.0,314.0,54.581250473269726,2014-12-01,31
chittagong,2015-01-31,210.38709677419354,196.0,102.0,350.0,66.95604399870851,2015-01-01,31
chittagong,2015-02-28,198.35714285714286,184.0,0.0,331.0,68.82248463644997,2015-02-01,28
chittagong,2015-03-31,176.63333333333333,171.0,74.0,318.0,54.272291357518725,2015-03-01,30
chittagong,2015-04-30,126.48,115.0,69.0,317.0,54.87191145446517,2015-04-01,25
chittagong,2015-05-31,87.5,87.0,33.0,124.0,20.63099442669894,2015-05-01,30
chittagong,2015-06-30,60.69230769230769,64.0,28.0,103.0,14.226086547660904,2015-06-01,26
chittagong,2015-07-31,49.724137931034484,49.0,26.0,83.0,14.362392736697903,2015-07-01,29
chittagong,2015-08-31,57.583333333333336,52.0,24.0,111.0,25.310105674914958,2015-08-07,24
chittagong,2015-09-30,78.13333333333334,66.5,32.0,181.0,37.59469270442611,2015-09-01,30
chittagong,2015-10-31,108.625,102.0,43.0,176.0,38.45797874345788,2015-10-01,32
chittagong,2015-11-30,147.04761904761904,159.0,20.0,260.0,56.22586254605277,2015-11-01,21
chittagong,2015-12-31,223.0,228.0,96.0,334.0,54.08203645080931,2015-12-01,31
chittagong,2016-01-31,276.6333333333333,274.5,88.0,442.0,69.77771768306464,2016-01-01,30
chittagong,2016-02-29,311.27272727272725,314.0,156.0,556.0,107.67949878632636,2016-02-01,22
chittagong,2016-04-30,83.35,70.0,42.0,178.0,34.86707842499479,2016-04-10,20
chittagong,2016-05-31,72.74193548387096,76.0,11.0,103.0,24.98128331629567,2016-05-01,31
chittagong,2016-06-30,44.733333333333334,43.0,11.0,103.0,22.63188677177788,2016-06-01,30
chittagong,2016-07-31,43.03125,40.0,24.0,98.0,14.8963827066149,2016-07-01,32
chittagong,2016-08-31,52.46666666666667,48.0,28.0,90.0,19.112612433233416,2016-08-01,30
chittagong,2016-09-30,55.275862068965516,50.0,31.0,134.0,21.58189808898079,2016-09-01,29
chittagong,2016-10-31,91.14285714285714,96.5,38.0,149.0,36.22022586766629,2016-10-01,28
chittagong,2016-11-30,150.75862068965517,161.0,44.0,234.0,48.41019312117599,2016-11-01,29
chittagong,2016-12-31,256.7096774193548,245.0,136.0,471.0,82.60032023682358,2016-12-01,31
chittagong,2017-01-31,250.0,256.0,146.0,339.0,57.711928287544396,2017-01-01,31
chittagong,2017-02-28,221.42857142857142,214.0,63.0,397.0,84.15216753944785,2017-02-01,28
chittagong,2017-03-31,159.83870967741936,159.0,65.0,282.0,57.78413667792314,2017-03-01,31
chittagong,2017-04-30,101.8,98.5,63.0,188.0,33.177058962170086,2017-04-01,30
chittagong,2017-06-30,54.107142857142854,47.5,14.0,125.0,25.991935053602454,2017-06-01,28
chittagong,2017-07-31,24.161290322580644,23.0,10.0,41.0,9.06677735542807,2017-07-01,31
chittagong,2017-08-31,26.0,24.5,10.0,64.0,12.608241032574046,2017-08-01,32
chittagong,2017-09-30,25.9,21.5,11.0,69.0,13.552834033693012,2017-09-01,30
chittagong,2017-10-31,50.38709677419355,40.0,11.0,131.0,33.867070948395515,2017-10-01,31
chittagong,2017-11-30,129.43333333333334,133.5,44.0,258.0,61.6070323646709,2017-11-01,30
chittagong,2017-12-31,130.16129032258064,133.0,24.0,188.0,44.74900131041552,2017-12-01,31
chittagong,2018-01-31,231.90322580645162,210.0,44.0,460.0,91.8848390971763,2018-01-01,31
chittagong,2018-02-28,207.07142857142858,203.0,122.0,304.0,42.24963604614537,2018-02-01,28
chittagong,2018-03-31,164.48387096774192,150.0,70.0,344.0,69.70264029802695,2018-03-01,31
chittagong,2018-04-30,117.11111111111111,120.0,39.0,207.0,44.769854470179446,2018-04-01,18
chittagong,2018-05-31,47.48,39.0,12.0,126.0,26.61002317423518,2018-05-07,25
chittagong,2018-06-30,40.1,36.5,7.0,112.0,25.46038166412198,2018-06-01,30
chittagong,2018-07-31,34.36666666666667,33.5,14.0,66.0,10.867488157369886,2018-07-01,30
chittagong,2018-08-31,37.13333333333333,33.0,15.0,84.0,17.454834985407796,2018-08-02,30
chittagong,2018-09-30,78.96666666666667,63.0,19.0,176.0,46.29849430286739,2018-09-01,30
chittagong,2018-10-31,159.69230769230768,169.0,18.0,303.0,72.5621219263986,2018-10-01,26
chittagong,2018-11-30,181.56666666666666,180.0,79.0,268.0,38.83003044510546,2018-11-01,30
chittagong,2018-12-31,192.1290322580645,188.0,92.0,352.0,54.313130355672364,2018-12-01,31
chittagong,2019-01-31,239.9090909090909,221.0,56.0,390.0,84.67377236944583,2019-01-01,33
chittagong,2019-02-28,214.43333333333334,206.0,73.0,347.0,75.64056717330226,2019-02-01,30
chittagong,2019-03-31,173.80645161290323,171.0,77.0,321.0,47.9092331774984,2019-03-01,31
chittagong,2019-04-30,116.06666666666666,102.0,63.0,199.0,39.776906602331145,2019-04-01,30
chittagong,2019-05-31,83.48387096774194,82.0,33.0,142.0,28.64596651972948,2019-05-01,31
chittagong,2019-06-30,40.46666666666667,41.5,15.0,56.0,11.601823083057884,2019-06-01,30
chittagong,2019-07-31,24.612903225806452,25.0,11.0,43.0,8.175889021404497,2019-07-01,31
chittagong,2019-08-31,24.5,22.0,9.0,66.0,12.708265027138834,2019-08-01,30
chittagong,2019-09-30,44.92857142857143,45.0,20.0,75.0,16.469789563135535,2019-09-01,28
chittagong,2019-10-31,84.96428571428571,70.0,21.0,162.0,42.861950788512004,2019-10-01,28
chittagong,2019-11-30,111.71428571428571,107.5,25.0,271.0,60.697707042454574,2019-11-01,28
chittagong,2019-12-31,174.53333333333333,162.0,74.0,282.0,55.77710155136483,2019-12-01,30
chittagong,2020-01-31,174.53846153846155,178.0,31.0,275.0,59.04725617281857,2020-01-01,26
chittagong,2020-02-29,166.91304347826087,168.0,77.0,284.0,52.71614643410176,2020-02-01,23
chittagong,2020-03-31,157.28571428571428,160.0,70.0,234.0,51.84507775972651,2020-03-01,14
chittagong,2020-06-30,28.0,26.0,18.0,49.0,8.709600614100673,2020-06-01,15
chittagong,2020-07-31,38.75,33.5,20.0,75.0,13.978555004005242,2020-07-01,16
chittagong,2020-08-31,17.045454545454547,16.0,8.0,29.0,5.752657958985011,2020-08-08,22
chittagong,2020-09-30,24.1,20.0,10.0,79.0,14.772644803242196,2020-09-01,30
chittagong,2020-10-31,53.064516129032256,46.0,12.0,112.0,26.60568295668047,2020-10-01,31
chittagong,2020-11-30,99.83333333333333,109.5,21.0,163.0,41.52491830912747,2020-11-01,24
chittagong,2020-12-31,166.86206896551724,155.0,83.0,314.0,53.92436776100066,2020-12-01,29
chittagong,2021-01-31,185.40740740740742,183.0,134.0,252.0,28.253330993897205,2021-01-01,27
chittagong,2021-02-28,183.82608695652175,184.0,124.0,233.0,27.9620719968269,2021-02-01,23
chittagong,2021-03-31,161.92307692307693,163.5,49.0,237.0,45.482236600170026,2021-03-02,26
chittagong,2021-04-30,136.0,138.0,47.0,251.0,55.802105695036275,2021-04-01,17
chittagong,2021-10-31,74.72727272727273,72.5,27.0,146.0,38.43508047676512,2021-10-01,22
chittagong,2021-11-30,99.7,87.5,51.0,155.0,29.970336211520536,2021-11-01,20
chittagong,2021-12-31,94.91304347826087,102.0,37.0,168.0,42.975588253923306,2021-12-01,23
chittagong,2022-01-31,159.6,164.5,53.0,221.0,36.71282580989058,2022-01-01,20
chittagong,2022-02-28,166.72222222222223,167.0,85.0,227.0,32.97558019033007,2022-02-01,18
chittagong,2022-03-31,158.23529411764707,162.0,84.0,251.0,45.298357326404115,2022-03-01,17
chittagong,2022-04-30,73.23529411764706,79.0,46.0,110.0,19.103433630386665,2022-04-02,17
chittagong,2022-05-31,66.05882352941177,69.0,28.0,120.0,22.426186111985512,2022-05-04,17
cumilla,2019-06-30,59.18181818181818,64.5,14.0,108.0,22.89445007323487,2019-06-09,22
cumilla,2019-07-31,51.4,47.5,10.0,126.0,27.081740890407552,2019-07-01,30
cumilla,2019-08-31,52.2,50.5,21.0,107.0,18.092482721685347,2019-08-01,30
cumilla,2019-09-30,55.07142857142857,41.5,21.0,138.0,29.000547340209735,2019-09-01,28
cumilla,2019-10-31,111.64285714285714,112.5,44.0,184.0,42.98941668701667,2019-10-01,28
cumilla,2019-11-30,158.31034482758622,165.0,50.0,289.0,50.17619202675128,2019-11-01,29
cumilla,2019-12-31,232.41379310344828,231.0,172.0,327.0,35.3740393523064,2019-12-01,29
cumilla,2020-01-31,192.51724137931035,184.0,96.0,337.0,47.22863892783032,2020-01-01,29
cumilla,2020-02-29,172.69230769230768,168.0,120.0,261.0,33.73161037456615,2020-02-01,26
cumilla,2020-03-31,174.91666666666666,170.0,143.0,270.0,33.03843033177998,2020-03-01,12
cumilla,2020-06-30,49.766666666666666,47.5,26.0,95.0,15.67049354092244,2020-06-01,30
cumilla,2020-07-31,45.4,43.5,35.0,75.0,8.774364574384318,2020-07-01,20
cumilla,2020-09-30,72.13793103448276,72.0,36.0,105.0,15.00886437583526,2020-09-01,29
cumilla,2020-10-31,103.83870967741936,104.0,41.0,154.0,28.85376552455912,2020-10-01,31
cumilla,2020-11-30,104.48,101.0,37.0,187.0,41.186688788167146,2020-11-01,25
cumilla,2020-12-31,196.20833333333334,178.5,155.0,309.0,40.26432142368904,2020-12-01,24
cumilla,2021-01-31,231.6,239.0,169.0,323.0,46.1603612135826,2021-01-01,20
cumilla,2021-02-28,199.36363636363637,194.0,139.0,297.0,38.72066687558523,2021-02-01,22
cumilla,2021-03-31,165.8,160.0,108.0,271.0,46.699954114385534,2021-03-01,15
cumilla,2021-04-30,110.8,118.0,38.0,161.0,33.68382401094033,2021-04-01,15
cumilla,2021-10-31,100.2,104.5,45.0,188.0,38.477060835338186,2021-10-01,20
cumilla,2021-11-30,141.2,139.0,93.0,173.0,21.806807242355834,2021-11-01,20
cumilla,2021-12-31,178.52173913043478,169.0,34.0,291.0,62.253783795348085,2021-12-01,23
cumilla,2022-01-31,218.57894736842104,201.0,170.0,289.0,41.104630435935725,2022-01-02,19
cumilla,2022-02-28,206.27777777777777,201.5,113.0,299.0,41.35329214514643,2022-02-01,18
cumilla,2022-03-31,221.10526315789474,222.0,74.0,351.0,88.10908310904043,2022-03-01,19
cumilla,2022-04-30,89.83333333333333,84.5,52.0,150.0,26.371218714169967,2022-04-02,18
cumilla,2022-05-31,90.70588235294117,93.0,34.0,173.0,42.330197120203614,2022-05-04,17
dhaka,2014-02-28,265.9166666666667,265.0,172.0,372.0,62.08126394761411,2014-02-17,12
dhaka,2014-03-31,220.0,222.0,133.0,371.0,57.70555462416732,2014-03-01,30
dhaka,2014-04-30,174.43333333333334,159.5,104.0,286.0,52.69605974495321,2014-04-01,30
dhaka,2014-05-31,101.48387096774194,105.0,51.0,154.0,24.19210748397355,2014-05-01,31
dhaka,2014-06-30,91.23333333333333,92.0,45.0,179.0,28.6845907610068,2014-06-01,30
dhaka,2014-07-31,61.08,59.0,39.0,86.0,11.863529547876272,2014-07-01,25
dhaka,2014-08-31,68.72727272727273,66.0,40.0,102.0,25.11211225321721,2014-08-21,11
dhaka,2014-09-30,85.7,77.5,43.0,187.0,37.488526980563186,2014-09-01,30
dhaka,2014-10-31,127.83870967741936,135.0,57.0,177.0,33.311756457436616,2014-10-01,31
dhaka,2014-11-30,255.5,279.0,122.0,396.0,86.58730893708105,2014-11-01,30
dhaka,2014-12-31,300.16129032258067,289.0,238.0,399.0,40.167231067287965,2014-12-01,31
dhaka,2015-01-31,278.375,288.0,103.0,375.0,63.97164190281453,2015-01-01,32
dhaka,2015-02-28,245.57142857142858,250.0,137.0,341.0,59.520571340490406,2015-02-01,28
dhaka,2015-03-31,188.3548387096774,187.0,109.0,282.0,44.051143297381635,2015-03-01,31
dhaka,2015-04-30,126.83333333333333,115.5,52.0,385.0,57.712177244484984,2015-04-01,30
dhaka,2015-05-31,108.48387096774194,101.0,69.0,177.0,28.69247400480009,2015-05-01,31
dhaka,2015-06-30,65.06666666666666,63.0,43.0,103.0,13.748813950936686,2015-06-01,30
dhaka,2015-07-31,61.4,52.0,20.0,127.0,27.994580756356,2015-07-01,30
dhaka,2015-08-31,70.51612903225806,70.0,21.0,115.0,23.315046597625802,2015-08-01,31
dhaka,2015-09-30,135.90322580645162,137.0,58.0,193.0,36.44937570449337,2015-09-01,31
dhaka,2015-10-31,157.75,158.0,82.0,218.0,32.403703492039305,2015-10-01,32
dhaka,2015-11-30,201.43478260869566,211.0,42.0,310.0,63.96364456538539,2015-11-01,23
dhaka,2015-12-31,309.7741935483871,317.0,181.0,403.0,47.55257418718737,2015-12-01,31
dhaka,2016-01-31,287.4,304.0,102.0,392.0,71.58481827103111,2016-01-01,30
dhaka,2016-02-29,250.07142857142858,245.5,63.0,384.0,86.24552745094093,2016-02-01,28
dhaka,2016-03-31,212.48387096774192,211.0,127.0,335.0,58.35401783810141,2016-03-01,31
dhaka,2016-04-30,109.23333333333333,108.0,77.0,142.0,19.51424472344335,2016-04-01,30
dhaka,2016-05-31,110.76666666666667,113.0,31.0,175.0,37.95067882118192,2016-05-01,30
dhaka,2016-06-30,75.7,69.5,41.0,137.0,26.34800260701578,2016-06-01,30
dhaka,2016-07-31,34.9375,33.0,8.0,129.0,22.317268736809343,2016-07-01,32
dhaka,2016-08-31,71.86666666666666,71.0,20.0,158.0,36.99928548548987,2016-08-01,30
dhaka,2016-09-30,69.10714285714286,70.0,26.0,158.0,29.93615340058372,2016-09-01,28
dhaka,2016-10-31,79.93333333333334,68.5,46.0,162.0,33.26169313016187,2016-10-01,30
dhaka,2016-11-30,189.44827586206895,194.0,37.0,343.0,92.15382567320196,2016-11-01,29
dhaka,2016-12-31,307.3333333333333,301.5,173.0,419.0,66.44099485333922,2016-12-01,24
dhaka,2017-01-31,312.5806451612903,318.0,172.0,427.0,62.51121189757263,2017-01-01,31
dhaka,2017-02-28,261.82142857142856,248.0,148.0,477.0,81.39162463574837,2017-02-01,28
dhaka,2017-03-31,168.58064516129033,160.0,81.0,341.0,63.94412883841038,2017-03-01,31
dhaka,2017-04-30,117.8,116.0,66.0,200.0,29.658283718102247,2017-04-01,30
dhaka,2017-05-31,109.70967741935483,107.0,74.0,174.0,25.057525214842602,2017-05-01,31
dhaka,2017-06-30,73.13333333333334,76.5,27.0,141.0,33.15661200334301,2017-06-01,30
dhaka,2017-07-31,76.06451612903226,77.0,26.0,142.0,27.03200015274609,2017-07-01,31
dhaka,2017-08-31,85.96875,81.0,51.0,146.0,23.124465992090602,2017-08-01,32
dhaka,2017-09-30,93.13333333333334,91.0,42.0,167.0,33.22414300115083,2017-09-01,30
dhaka,2017-10-31,116.7741935483871,110.0,42.0,195.0,49.25356818033211,2017-10-01,31
dhaka,2017-11-30,200.93333333333334,159.5,86.0,387.0,77.6827914788985,2017-11-01,30
dhaka,2017-12-31,270.2258064516129,295.0,63.0,413.0,77.17543204821048,2017-12-01,31
dhaka,2018-01-31,348.3225806451613,341.0,264.0,517.0,59.27359563739107,2018-01-01,31
dhaka,2018-02-28,353.42857142857144,351.0,227.0,557.0,94.7661560823501,2018-02-01,28
dhaka,2018-03-31,282.48387096774195,263.0,163.0,501.0,85.01132119419623,2018-03-01,31
dhaka,2018-04-30,168.2,158.0,110.0,305.0,45.594464273788695,2018-04-01,30
dhaka,2018-05-31,123.74193548387096,123.0,62.0,260.0,43.01780076660939,2018-05-01,31
dhaka,2018-06-30,95.82758620689656,99.0,41.0,161.0,26.690111820026484,2018-06-01,29
dhaka,2018-07-31,83.90322580645162,79.0,57.0,154.0,21.122428583079923,2018-07-01,31
dhaka,2018-08-31,76.10344827586206,75.0,23.0,156.0,34.95644721607795,2018-08-01,29
dhaka,2018-09-30,112.13333333333334,110.0,47.0,188.0,37.703684383518194,2018-09-01,30
dhaka,2018-10-31,149.76666666666668,165.0,17.0,233.0,62.535332541627646,2018-10-01,30
dhaka,2018-11-30,229.6,234.5,105.0,365.0,63.96151860352415,2018-11-01,30
dhaka,2018-12-31,261.4516129032258,261.0,129.0,349.0,53.54427371168487,2018-12-01,31
dhaka,2019-01-31,294.93939393939394,306.0,130.0,382.0,56.122043014498416,2019-01-01,33
dhaka,2019-02-28,255.93333333333334,258.5,118.0,422.0,84.59923099566254,2019-02-01,30
dhaka,2019-03-31,230.51612903225808,202.0,136.0,479.0,79.84020330958664,2019-03-01,31
dhaka,2019-04-30,149.63333333333333,138.0,78.0,238.0,42.86424708496488,2019-04-01,30
dhaka,2019-05-31,120.48387096774194,123.0,46.0,210.0,33.938052357927994,2019-05-01,31
dhaka,2019-06-30,105.36666666666666,111.5,38.0,162.0,30.6025504158399,2019-06-01,30
dhaka,2019-07-31,69.0,68.0,24.0,143.0,32.19109607743523,2019-07-01,31
dhaka,2019-08-31,67.64516129032258,71.0,11.0,121.0,28.683965773112998,2019-08-01,31
dhaka,2019-09-30,83.60714285714286,79.5,48.0,128.0,20.27832136692575,2019-09-01,28
dhaka,2019-10-31,136.03571428571428,147.5,49.0,232.0,43.01031929825174,2019-10-01,28
dhaka,2019-11-30,220.55172413793105,232.0,43.0,369.0,74.0596218340797,2019-11-01,29
dhaka,2019-12-31,278.26666666666665,275.5,167.0,393.0,54.41914808374823,2019-12-01,30
dhaka,2020-01-31,300.9655172413793,306.0,124.0,385.0,53.861252146219385,2020-01-01,29
dhaka,2020-02-29,299.7692307692308,297.5,219.0,363.0,39.55179661386593,2020-02-01,26
dhaka,2020-03-31,219.82608695652175,196.0,158.0,315.0,49.547637475934614,2020-03-01,23
dhaka,2020-04-30,98.7,83.0,43.0,227.0,45.08394469171389,2020-04-01,30
dhaka,2020-05-31,67.12903225806451,71.0,33.0,112.0,19.724336804201844,2020-05-01,31
dhaka,2020-06-30,67.06666666666666,54.5,22.0,154.0,35.32893054330025,2020-06-01,30
dhaka,2020-07-31,43.58064516129032,42.0,20.0,82.0,14.328931557164074,2020-07-01,31
dhaka,2020-08-31,58.4,56.0,24.0,105.0,20.90635936907633,2020-08-01,30
dhaka,2020-09-30,78.1,71.5,37.0,156.0,30.52907037449772,2020-09-01,30
dhaka,2020-10-31,128.67741935483872,138.0,39.0,185.0,41.675242128290186,2020-10-01,31
dhaka,2020-11-30,204.32,208.0,98.0,301.0,62.66958326546194,2020-11-01,25
dhaka,2020-12-31,316.0,319.0,226.0,406.0,47.1805044483418,2020-12-01,29
dhaka,2021-01-31,345.22222222222223,340.0,278.0,405.0,33.85754470326123,2021-01-01,27
dhaka,2021-02-28,333.8695652173913,348.0,198.0,432.0,65.90027200097413,2021-02-01,23
dhaka,2021-03-31,271.14814814814815,279.0,139.0,425.0,82.06128277728865,2021-03-01,27
dhaka,2021-04-30,186.27586206896552,172.0,103.0,321.0,63.71302656203503,2021-04-01,29
dhaka,2021-05-31,141.8095238095238,141.0,77.0,237.0,38.75515326717087,2021-05-01,21
dhaka,2021-10-31,157.04545454545453,170.5,57.0,222.0,51.14542969176208,2021-10-01,22
dhaka,2021-11-30,275.15,280.0,182.0,386.0,55.96359248842523,2021-11-01,20
dhaka,2021-12-31,319.82608695652175,339.0,81.0,401.0,85.61948173268694,2021-12-01,23
dhaka,2022-01-31,327.5,327.5,238.0,405.0,51.7661746906729,2022-01-01,20
dhaka,2022-02-28,267.3888888888889,271.0,163.0,362.0,60.82002271784099,2022-02-01,18
dhaka,2022-03-31,274.1578947368421,311.0,127.0,366.0,72.34966264061308,2022-03-01,19
dhaka,2022-04-30,140.52631578947367,143.0,112.0,171.0,16.523950365227883,2022-04-02,19
dhaka,2022-05-31,142.94117647058823,146.0,86.0,223.0,40.99461944608599,2022-05-04,17
gazipur,2014-02-28,285.9166666666667,283.5,178.0,423.0,70.49881795699368,2014-02-17,12
gazipur,2014-03-31,232.89655172413794,203.0,161.0,548.0,80.18298039376927,2014-03-01,29
gazipur,2014-04-30,175.6,170.0,107.0,323.0,48.690153362695,2014-04-01,30
gazipur,2014-05-31,100.12903225806451,97.0,47.0,154.0,30.492339951189788,2014-05-01,31
gazipur,2014-06-30,86.65217391304348,86.0,43.0,173.0,30.75949032508974,2014-06-08,23
gazipur,2014-07-31,38.92,30.0,10.0,97.0,22.810670017925094,2014-07-01,25
gazipur,2014-08-31,63.9,63.5,32.0,103.0,26.044619832553174,2014-08-21,10
gazipur,2014-09-30,74.9,67.0,13.0,165.0,45.37761106764984,2014-09-01,30
gazipur,2014-10-31,130.19354838709677,142.0,32.0,187.0,37.87120221209313,2014-10-01,31
gazipur,2014-11-30,291.03333333333336,313.0,133.0,444.0,90.14489613311767,2014-11-01,30
gazipur,2014-12-31,319.43333333333334,322.5,185.0,447.0,48.78289930260209,2014-12-01,30
gazipur,2015-01-31,304.53125,317.5,171.0,391.0,61.32514317540458,2015-01-01,32
gazipur,2015-02-28,263.82142857142856,306.5,0.0,401.0,88.71262533698288,2015-02-01,28
gazipur,2015-03-31,229.16129032258064,230.0,150.0,332.0,53.85542174760962,2015-03-01,31
gazipur,2015-04-30,121.14285714285714,114.0,48.0,363.0,65.17708884303525,2015-04-01,28
gazipur,2015-05-31,100.3225806451613,102.0,51.0,175.0,29.36822216475283,2015-05-01,31
gazipur,2015-06-30,61.03448275862069,62.0,10.0,103.0,24.045318461219807,2015-06-01,29
gazipur,2015-07-31,54.714285714285715,42.5,9.0,139.0,34.9028887086963,2015-07-01,28
gazipur,2015-08-31,74.09677419354838,62.0,28.0,139.0,31.178363051652425,2015-08-01,31
gazipur,2015-09-30,88.62068965517241,88.0,31.0,146.0,39.953914338096595,2015-09-01,29
gazipur,2015-10-31,119.16666666666667,124.5,0.0,243.0,53.21918459724276,2015-10-01,30
gazipur,2015-11-30,190.2173913043478,192.0,34.0,310.0,64.63390365726245,2015-11-01,23
gazipur,2015-12-31,333.60714285714283,329.5,197.0,425.0,55.8684561406022,2015-12-01,28
gazipur,2016-01-31,334.9310344827586,332.0,183.0,394.0,45.073694446256376,2016-01-01,29
gazipur,2016-02-29,287.9642857142857,309.5,142.0,500.0,75.47503003464229,2016-02-01,28
gazipur,2016-03-31,210.17857142857142,202.0,94.0,325.0,60.29621545241125,2016-03-01,28
gazipur,2016-05-31,83.0,90.0,28.0,157.0,33.68905431965078,2016-05-01,22
gazipur,2016-06-30,70.96551724137932,68.0,25.0,147.0,30.563146293044664,2016-06-01,29
gazipur,2016-07-31,47.03125,43.5,15.0,94.0,23.815804423167837,2016-07-01,32
gazipur,2016-08-31,57.61290322580645,53.0,14.0,156.0,34.694550407189155,2016-08-01,31
gazipur,2016-09-30,63.206896551724135,56.0,22.0,140.0,28.3465534694442,2016-09-01,29
gazipur,2016-10-31,101.2,106.0,29.0,161.0,36.268538660273094,2016-10-01,30
gazipur,2016-11-30,185.6,193.0,20.0,315.0,69.17025471928693,2016-11-01,30
gazipur,2016-12-31,286.8709677419355,283.0,169.0,421.0,70.34000376053629,2016-12-01,31
gazipur,2017-01-31,329.0,333.0,182.0,440.0,55.36244214266564,2017-01-01,31
gazipur,2017-02-28,303.10714285714283,316.5,143.0,396.0,61.2537764735786,2017-02-01,28
gazipur,2017-03-31,171.41935483870967,166.0,68.0,351.0,63.241217674102586,2017-03-01,31
gazipur,2017-04-30,106.13333333333334,106.5,31.0,216.0,47.05516449601601,2017-04-01,30
gazipur,2017-05-31,102.93548387096774,104.0,38.0,179.0,31.72899355885819,2017-05-01,31
gazipur,2017-06-30,61.46666666666667,60.0,12.0,156.0,33.77790885233693,2017-06-01,30
gazipur,2017-07-31,52.41935483870968,52.0,16.0,145.0,26.892098211864372,2017-07-01,31
gazipur,2017-08-31,70.48148148148148,63.0,27.0,124.0,31.1958704988711,2017-08-01,27
gazipur,2017-10-31,59.2,61.0,5.0,126.0,37.62446012901714,2017-10-17,15
gazipur,2017-11-30,174.53333333333333,109.5,44.0,402.0,117.52908175201262,2017-11-01,30
gazipur,2017-12-31,255.61290322580646,286.0,28.0,350.0,77.9566877265211,2017-12-01,31
gazipur,2018-01-31,365.83870967741933,381.0,233.0,500.0,51.57395775272216,2018-01-01,31
gazipur,2018-02-28,313.32142857142856,316.5,184.0,498.0,68.42029890016047,2018-02-01,28
gazipur,2018-03-31,232.67741935483872,240.0,107.0,338.0,66.06026899570531,2018-03-01,31
gazipur,2018-04-30,144.06666666666666,135.5,27.0,269.0,53.29160724071708,2018-04-01,30
gazipur,2018-05-31,93.71428571428571,87.5,50.0,177.0,29.933082333589002,2018-05-01,28
gazipur,2018-06-30,81.05882352941177,80.0,20.0,178.0,51.06793341745299,2018-06-01,17
gazipur,2018-07-31,80.74193548387096,77.0,18.0,181.0,43.60349201760144,2018-07-01,31
gazipur,2018-08-31,44.29032258064516,26.0,9.0,142.0,42.040610167144415,2018-08-01,31
gazipur,2018-09-30,47.3,41.5,12.0,160.0,31.996928731924598,2018-09-01,30
gazipur,2018-10-31,87.06451612903226,106.0,7.0,181.0,52.02943749063023,2018-10-01,31
gazipur,2018-11-30,164.39285714285714,191.5,35.0,264.0,69.28328283520695,2018-11-01,28
gazipur,2018-12-31,288.8181818181818,306.5,143.0,396.0,65.97953244225592,2018-12-01,22
gazipur,2019-01-31,338.1212121212121,355.0,122.0,473.0,72.56753646421275,2019-01-01,33
gazipur,2019-02-28,276.9310344827586,312.0,90.0,423.0,89.41553517725251,2019-02-01,29
gazipur,2019-03-31,219.0,197.0,132.0,346.0,58.19450145847114,2019-03-01,31
gazipur,2019-04-30,137.03333333333333,133.5,34.0,310.0,63.15415367524753,2019-04-01,30
gazipur,2019-05-31,102.26666666666667,103.5,17.0,174.0,33.97456790553511,2019-05-01,30
gazipur,2019-06-30,76.72413793103448,73.0,32.0,169.0,32.39697577566257,2019-06-01,29
gazipur,2019-07-31,24.6,23.0,8.0,44.0,9.300537618869138,2019-07-01,25
gazipur,2019-08-31,58.03846153846154,56.0,17.0,121.0,28.514530708718695,2019-08-06,26
gazipur,2019-09-30,79.3125,84.0,18.0,155.0,41.9741487902574,2019-09-01,16
gazipur,2019-10-31,68.0,69.0,15.0,167.0,38.76475051322969,2019-10-08,18
gazipur,2019-11-30,216.66666666666666,215.0,165.0,277.0,28.86607004772212,2019-11-21,9
gazipur,2019-12-31,259.6551724137931,237.0,153.0,425.0,64.91328053755859,2019-12-01,29
gazipur,2020-01-31,242.92857142857142,227.5,140.0,386.0,61.64409711395495,2020-01-01,28
gazipur,2020-02-29,204.24,196.0,109.0,299.0,53.471394221583566,2020-02-01,25
gazipur,2020-03-31,195.43478260869566,183.0,107.0,316.0,59.43126364813582,2020-03-01,23
gazipur,2020-04-30,120.2,113.0,64.0,169.0,30.354684919328754,2020-04-01,30
gazipur,2020-05-31,83.45161290322581,77.0,36.0,137.0,30.937397767833698,2020-05-01,31
gazipur,2020-08-31,64.63157894736842,70.0,30.0,107.0,22.696574695842905,2020-08-01,19
gazipur,2020-09-30,83.0,82.0,42.0,142.0,25.954172065759437,2020-09-09,22
gazipur,2020-10-31,120.6774193548387,131.0,26.0,180.0,39.32631612273067,2020-10-01,31
gazipur,2020-11-30,202.34615384615384,198.0,52.0,323.0,70.09533069053447,2020-11-01,26
gazipur,2020-12-31,311.9310344827586,318.0,178.0,407.0,56.08152932146631,2020-12-01,29
gazipur,2021-01-31,341.25925925925924,335.0,279.0,394.0,30.937396579584828,2021-01-01,27
gazipur,2021-02-28,315.1304347826087,330.0,180.0,403.0,69.11670259116171,2021-02-01,23
gazipur,2021-03-31,250.65384615384616,230.5,154.0,388.0,76.44759894604528,2021-03-01,26
gazipur,2021-04-30,179.96428571428572,177.5,114.0,284.0,42.21855142773239,2021-04-01,28
gazipur,2021-05-31,119.4,120.0,57.0,199.0,40.720355701062495,2021-05-01,20
gazipur,2021-10-31,136.0,154.0,45.0,216.0,48.976670831267064,2021-10-10,15
gazipur,2021-11-30,232.6,217.0,152.0,331.0,55.511402337480924,2021-11-01,20
gazipur,2021-12-31,284.82608695652175,308.0,65.0,381.0,87.28201531603435,2021-12-01,23
gazipur,2022-01-31,276.6666666666667,260.5,185.0,399.0,69.12818442829915,2022-01-01,18
gazipur,2022-02-28,250.52941176470588,252.0,121.0,355.0,62.62798660249547,2022-02-01,17
gazipur,2022-03-31,243.78947368421052,257.0,120.0,335.0,59.286103812471595,2022-03-01,19
gazipur,2022-04-30,122.21052631578948,120.0,75.0,175.0,25.6137527021204,2022-04-02,19
gazipur,2022-05-31,104.46153846153847,100.0,64.0,161.0,28.686859316347213,2022-05-09,13
khulna,2015-01-31,0.0,0.0,0.0,0.0,0.0,2015-01-01,19
khulna,2015-02-28,0.0,0.0,0.0,0.0,0.0,2015-02-16,13
khulna,2015-03-31,0.0,0.0,0.0,0.0,0.0,2015-03-01,14
khulna,2015-07-31,16.416666666666668,16.0,11.0,23.0,3.7040109300185615,2015-07-20,12
khulna,2015-08-31,29.666666666666668,28.0,12.0,45.0,8.717797887081346,2015-08-03,27
khulna,2015-09-30,100.60714285714286,97.0,21.0,230.0,54.481624007525284,2015-09-01,28
khulna,2015-10-31,155.93548387096774,153.0,42.0,310.0,72.2790589700184,2015-10-01,31
khulna,2015-11-30,249.82608695652175,262.0,59.0,342.0,76.26249654611787,2015-11-01,23
khulna,2015-12-31,349.8333333333333,329.5,304.0,498.0,56.61325468528201,2015-12-01,12
khulna,2016-01-31,354.3333333333333,376.0,244.0,426.0,64.10538198934626,2016-01-11,9
khulna,2016-05-31,34.96666666666667,31.5,14.0,119.0,20.565259177979527,2016-05-01,30
khulna,2017-05-31,76.33333333333333,79.5,34.0,130.0,29.59217750854049,2017-05-07,12
khulna,2017-06-30,75.72727272727273,82.0,22.0,147.0,38.93094118844524,2017-06-06,11
khulna,2017-08-31,67.63636363636364,67.0,33.0,112.0,26.03563990868182,2017-08-02,11
khulna,2017-10-31,139.35714285714286,133.0,61.0,215.0,50.01939184395949,2017-10-02,14
khulna,2017-11-30,98.4,88.0,19.0,352.0,85.75595217437291,2017-11-01,25
khulna,2017-12-31,210.45833333333334,216.0,35.0,311.0,75.12307534489894,2017-12-01,24
khulna,2018-01-31,346.22222222222223,366.0,39.0,413.0,71.41607949374153,2018-01-02,27
khulna,2018-02-28,194.625,174.5,97.0,363.0,73.58509566717859,2018-02-01,24
khulna,2018-03-31,108.4375,90.5,62.0,164.0,36.320735583593745,2018-03-01,16
khulna,2018-04-30,61.625,55.0,10.0,131.0,36.09224293390479,2018-04-02,16
khulna,2018-05-31,31.0,26.0,16.0,75.0,16.041612554021285,2018-05-06,13
khulna,2018-06-30,47.833333333333336,32.0,16.0,116.0,31.30354236673355,2018-06-01,18
khulna,2018-07-31,28.705882352941178,29.0,12.0,56.0,12.99886872905847,2018-07-01,17
khulna,2018-08-31,32.75,28.0,12.0,61.0,14.359574103052385,2018-08-02,20
khulna,2018-09-30,48.72727272727273,31.0,12.0,154.0,41.983546560744266,2018-09-01,11
khulna,2018-10-31,75.83333333333333,88.0,10.0,202.0,52.5684427814881,2018-10-01,18
khulna,2018-11-30,183.76470588235293,164.0,139.0,307.0,45.21687933140221,2018-11-11,17
khulna,2018-12-31,202.31578947368422,186.0,71.0,337.0,79.78516475272757,2018-12-01,19
khulna,2019-01-31,241.4,252.0,61.0,378.0,79.1683496493826,2019-01-02,30
khulna,2019-02-28,171.07407407407408,166.0,30.0,306.0,62.76998665820493,2019-02-01,27
khulna,2019-03-31,125.71428571428571,125.0,52.0,186.0,35.19033657639251,2019-03-01,28
khulna,2019-04-30,70.5,62.0,39.0,141.0,27.66570628680616,2019-04-01,24
khulna,2019-05-31,79.14285714285714,74.0,25.0,144.0,30.20643261672208,2019-05-01,21
khulna,2019-07-31,43.55555555555556,44.0,24.0,62.0,11.215069227507149,2019-07-01,9
khulna,2019-08-31,37.69230769230769,37.0,19.0,78.0,15.52623916356123,2019-08-04,13
khulna,2019-09-30,37.04347826086956,32.0,17.0,83.0,16.81578874118435,2019-09-01,23
khulna,2019-10-31,79.61538461538461,61.0,21.0,155.0,46.42473920504466,2019-10-01,13
khulna,2019-11-30,148.76923076923077,149.0,19.0,269.0,57.732699706358915,2019-11-01,26
khulna,2019-12-31,188.12,179.0,145.0,239.0,26.9325082381868,2019-12-01,25
khulna,2020-01-31,195.2962962962963,192.0,48.0,269.0,58.4766980644788,2020-01-01,27
khulna,2020-02-29,172.44,168.0,106.0,235.0,28.423992213152136,2020-02-01,25
khulna,2020-03-31,136.66666666666666,127.0,92.0,299.0,42.73913117195217,2020-03-01,21
khulna,2020-04-30,58.666666666666664,50.5,24.0,121.0,25.96460898107712,2020-04-01,30
khulna,2020-05-31,33.61290322580645,30.0,20.0,69.0,9.632159395673222,2020-05-01,31
khulna,2020-06-30,39.37931034482759,32.0,16.0,82.0,16.77884253011054,2020-06-01,29
khulna,2020-07-31,40.0,39.0,22.0,60.0,8.077747210701757,2020-07-08,17
khulna,2020-08-31,21.833333333333332,17.5,11.0,64.0,11.929746040034138,2020-08-06,24
khulna,2020-09-30,25.555555555555557,23.5,13.0,43.0,8.290478040727859,2020-09-01,18
khulna,2020-10-31,66.18518518518519,59.0,24.0,160.0,38.81914380722385,2020-10-01,27
khulna,2020-11-30,135.03846153846155,131.5,14.0,235.0,55.61113612882281,2020-11-01,26
khulna,2020-12-31,257.32142857142856,248.5,170.0,344.0,51.51486917416899,2020-12-01,28
khulna,2021-01-31,276.61538461538464,279.5,189.0,341.0,42.94375570261821,2021-01-01,26
khulna,2021-02-28,247.7826086956522,255.0,132.0,308.0,50.17148458649243,2021-02-01,23
khulna,2021-03-31,161.875,162.5,67.0,265.0,55.31279630232599,2021-03-01,24
khulna,2021-10-31,113.0,113.0,32.0,187.0,48.635378069878314,2021-10-01,21
khulna,2021-11-30,163.0,159.5,128.0,248.0,28.230007675049134,2021-11-01,16
khulna,2021-12-31,196.88235294117646,186.0,110.0,302.0,64.60445258740025,2021-12-01,17
khulna,2022-01-31,187.57894736842104,175.0,130.0,307.0,42.46477728590508,2022-01-01,19
khulna,2022-02-28,149.72222222222223,149.5,61.0,204.0,32.6402954779654,2022-02-01,18
khulna,2022-03-31,167.3684210526316,169.0,69.0,236.0,44.679364521388266,2022-03-01,19
khulna,2022-04-30,74.26315789473684,73.0,40.0,128.0,20.67161796942088,2022-04-02,19
khulna,2022-05-31,61.8,56.0,21.0,137.0,36.8998644983962,2022-05-08,15
mymensingh,2019-06-30,57.18181818181818,41.0,21.0,135.0,34.6088845786005,2019-06-09,22
mymensingh,2019-07-31,78.86206896551724,69.0,12.0,185.0,41.3389509663111,2019-07-01,29
mymensingh,2019-08-31,77.65,79.0,38.0,130.0,22.928435574516133,2019-08-01,20
mymensingh,2019-09-30,78.89285714285714,72.0,23.0,156.0,36.2106381807932,2019-09-01,28
mymensingh,2019-10-31,130.28571428571428,134.5,35.0,241.0,54.75795706957904,2019-10-01,28
mymensingh,2019-11-30,218.42857142857142,235.0,29.0,346.0,70.46009039608407,2019-11-01,28
mymensingh,2019-12-31,261.32142857142856,264.0,171.0,332.0,45.294144475964266,2019-12-01,28
mymensingh,2020-01-31,294.12,307.0,200.0,382.0,49.63476604155599,2020-01-01,25
mymensingh,2020-02-29,213.53846153846155,225.5,75.0,304.0,62.09684743639134,2020-02-01,26
mymensingh,2020-03-31,206.0,203.0,125.0,287.0,41.42901925418506,2020-03-01,12
mymensingh,2020-06-30,114.71428571428571,113.5,82.0,145.0,18.89415282538518,2020-06-11,14
mymensingh,2020-07-31,109.21428571428571,105.0,92.0,138.0,15.049551853427761,2020-07-13,14
mymensingh,2020-08-31,99.9,98.5,59.0,128.0,19.619807392155078,2020-08-06,20
mymensingh,2020-09-30,100.33333333333333,105.5,46.0,156.0,30.191545368939064,2020-09-01,18
mymensingh,2020-10-31,140.28,149.0,51.0,189.0,37.283284905347784,2020-10-06,25
mymensingh,2020-11-30,236.23076923076923,240.0,142.0,293.0,48.98495321040575,2020-11-03,13
mymensingh,2020-12-31,287.37931034482756,292.0,175.0,364.0,51.14154991862115,2020-12-01,29
mymensingh,2021-01-31,310.4074074074074,311.0,215.0,392.0,42.05240252832837,2021-01-01,27
mymensingh,2021-02-28,289.60869565217394,312.0,193.0,332.0,47.63377252102737,2021-02-01,23
mymensingh,2021-03-31,258.88,204.0,137.0,448.0,103.22641780732941,2021-03-01,25
mymensingh,2021-04-30,262.6666666666667,297.0,169.0,303.0,50.593971972953454,2021-04-01,9
mymensingh,2021-10-31,155.1904761904762,161.0,93.0,198.0,27.857887657931013,2021-10-01,21
mymensingh,2021-11-30,168.0,175.0,107.0,244.0,43.0335786205248,2021-11-01,19
mymensingh,2021-12-31,218.82608695652175,225.0,95.0,323.0,68.61596168260313,2021-12-01,23
mymensingh,2022-01-31,258.94736842105266,249.0,192.0,350.0,50.22889129244082,2022-01-01,19
mymensingh,2022-02-28,232.44444444444446,205.0,134.0,337.0,66.3911955734584,2022-02-01,18
mymensingh,2022-03-31,254.64705882352942,261.0,158.0,337.0,61.230038764146016,2022-03-01,17
mymensingh,2022-04-30,142.88888888888889,144.0,107.0,181.0,22.071778331000203,2022-04-02,18
mymensingh,2022-05-31,122.0625,121.0,57.0,183.0,36.4517374985976,2022-05-04,16
narayanganj,2014-02-28,325.5,334.5,174.0,397.0,61.72740661385935,2014-02-17,12
narayanganj,2014-03-31,183.66666666666666,171.0,78.0,357.0,89.4664076357048,2014-03-01,15
narayanganj,2014-04-30,155.5,133.5,44.0,322.0,78.0829576531401,2014-04-01,30
narayanganj,2014-05-31,95.38709677419355,95.0,38.0,138.0,23.05309439728911,2014-05-01,31
narayanganj,2014-06-30,76.93103448275862,78.0,43.0,109.0,18.820450568621126,2014-06-01,29
narayanganj,2014-07-31,34.4,35.0,14.0,54.0,11.601005703529902,2014-07-01,25
narayanganj,2014-08-31,39.45454545454545,35.0,13.0,80.0,18.656707299862088,2014-08-21,11
narayanganj,2014-09-30,68.76666666666667,56.5,17.0,185.0,45.41432504772289,2014-09-01,30
narayanganj,2014-10-31,145.14285714285714,158.5,36.0,249.0,61.278788720812244,2014-10-01,28
narayanganj,2014-11-30,355.8965517241379,348.0,161.0,590.0,124.47126599787319,2014-11-01,29
narayanganj,2014-12-31,375.3,353.5,242.0,550.0,87.82904633041589,2014-12-01,30
narayanganj,2015-01-31,346.8125,340.0,174.0,484.0,65.2674089988208,2015-01-01,32
narayanganj,2015-02-28,228.75,240.0,0.0,441.0,143.2825814540907,2015-02-01,28
narayanganj,2015-03-31,255.2258064516129,259.0,0.0,503.0,118.22033374943567,2015-03-01,31
narayanganj,2015-04-30,126.18518518518519,112.0,40.0,502.0,90.8443457607305,2015-04-03,27
narayanganj,2015-05-31,88.83333333333333,81.5,49.0,146.0,21.67881487749627,2015-05-01,24
narayanganj,2015-06-30,43.89655172413793,38.0,14.0,78.0,17.829239282678742,2015-06-01,29
narayanganj,2015-07-31,41.34615384615385,33.0,17.0,92.0,24.227162124677015,2015-07-01,26
narayanganj,2015-08-31,60.84615384615385,58.5,33.0,105.0,18.565973839671987,2015-08-01,26
narayanganj,2015-09-30,116.1,108.5,16.0,467.0,88.41959136939637,2015-09-01,30
narayanganj,2015-10-31,155.9375,157.5,29.0,312.0,71.11323886545657,2015-10-01,32
narayanganj,2015-11-30,238.72222222222223,245.5,52.0,396.0,93.61485902390368,2015-11-01,18
narayanganj,2015-12-31,375.42857142857144,371.5,221.0,542.0,76.2138456223688,2015-12-01,28
narayanganj,2016-01-31,401.64285714285717,398.5,256.0,581.0,77.40859091270136,2016-01-03,28
narayanganj,2016-02-29,288.5769230769231,304.0,137.0,508.0,104.80426444641387,2016-02-01,26
narayanganj,2016-03-31,212.72727272727272,194.0,153.0,331.0,57.27842684482687,2016-03-01,11
narayanganj,2016-04-30,77.0,76.5,52.0,103.0,15.120032559997501,2016-04-09,14
narayanganj,2016-05-31,86.3076923076923,79.5,33.0,173.0,42.92017635636576,2016-05-03,26
narayanganj,2016-06-30,55.34615384615385,55.0,25.0,103.0,18.288668202342798,2016-06-01,26
narayanganj,2016-07-31,41.142857142857146,36.5,19.0,138.0,21.528128517368092,2016-07-01,28
narayanganj,2016-08-31,64.92857142857143,55.0,22.0,144.0,36.00609883671312,2016-08-01,28
narayanganj,2016-09-30,75.41379310344827,64.0,32.0,182.0,34.05931511074184,2016-09-01,29
narayanganj,2016-10-31,127.33333333333333,125.0,25.0,222.0,64.11348112166787,2016-10-01,27
narayanganj,2016-11-30,222.57692307692307,221.5,59.0,403.0,85.4892615838612,2016-11-01,26
narayanganj,2016-12-31,325.80645161290323,338.0,93.0,469.0,88.171960529728,2016-12-01,31
narayanganj,2017-01-31,385.51612903225805,384.0,169.0,821.0,117.51591976344933,2017-01-01,31
narayanganj,2017-02-28,322.3076923076923,341.0,145.0,435.0,71.27342799712625,2017-02-01,26
narayanganj,2017-03-31,144.0,154.0,58.0,298.0,53.069529864132015,2017-03-02,17
narayanganj,2017-04-30,124.3103448275862,116.0,62.0,257.0,52.725775377537715,2017-04-01,29
narayanganj,2017-05-31,118.35483870967742,108.0,75.0,253.0,39.637985474455164,2017-05-01,31
narayanganj,2017-06-30,68.13333333333334,64.0,29.0,168.0,32.96992708445111,2017-06-01,30
narayanganj,2017-07-31,55.733333333333334,48.0,17.0,149.0,31.75437339777086,2017-07-01,30
narayanganj,2017-08-31,70.78125,68.0,33.0,109.0,18.285785727647013,2017-08-01,32
narayanganj,2017-09-30,95.56666666666666,80.5,20.0,258.0,62.12150681684566,2017-09-01,30
narayanganj,2017-10-31,121.06451612903226,113.0,32.0,243.0,60.08823261608491,2017-10-01,31
narayanganj,2017-11-30,257.41379310344826,249.0,141.0,470.0,87.52449340506236,2017-11-01,29
narayanganj,2017-12-31,382.92857142857144,369.0,180.0,559.0,79.65338270068241,2017-12-01,28
narayanganj,2018-01-31,440.5483870967742,430.0,334.0,576.0,68.62596141873105,2018-01-01,31
narayanganj,2018-02-28,332.8888888888889,315.0,180.0,522.0,92.37770848879629,2018-02-01,27
narayanganj,2018-03-31,247.5,215.5,130.0,536.0,104.91883988570862,2018-03-01,28
narayanganj,2018-04-30,163.23333333333332,149.0,66.0,426.0,77.30177467442834,2018-04-01,30
narayanganj,2018-05-31,87.75,81.0,46.0,208.0,34.68442387094327,2018-05-01,28
narayanganj,2018-06-30,73.73333333333333,78.0,35.0,107.0,19.755284466891794,2018-06-01,30
narayanganj,2018-07-31,69.88,59.0,33.0,199.0,42.95765356720499,2018-07-01,25
narayanganj,2018-08-31,72.16129032258064,72.0,26.0,177.0,37.58820450991999,2018-08-01,31
narayanganj,2018-09-30,97.72413793103448,78.0,22.0,221.0,58.83566493191265,2018-09-01,29
narayanganj,2018-10-31,131.65,159.5,28.0,255.0,69.93702054066404,2018-10-01,20
narayanganj,2018-11-30,273.10714285714283,279.0,60.0,640.0,138.87653437115213,2018-11-01,28
narayanganj,2018-12-31,340.77777777777777,349.0,82.0,411.0,61.73101285997136,2018-12-01,27
narayanganj,2019-01-31,377.59375,396.0,138.0,532.0,79.57988859853248,2019-01-01,32
narayanganj,2019-02-28,335.7692307692308,345.5,124.0,636.0,123.61854478752214,2019-02-01,26
narayanganj,2019-03-31,246.34615384615384,244.5,72.0,438.0,86.54383504684422,2019-03-03,26
narayanganj,2019-04-30,161.74074074074073,153.0,59.0,306.0,63.300013727421394,2019-04-01,27
narayanganj,2019-05-31,107.27586206896552,109.0,39.0,227.0,39.592474530002136,2019-05-01,29
narayanganj,2019-06-30,71.86206896551724,68.0,22.0,209.0,38.016654374789695,2019-06-01,29
narayanganj,2019-07-31,57.74193548387097,57.0,18.0,142.0,25.73061437527352,2019-07-01,31
narayanganj,2019-08-31,52.6,51.0,23.0,113.0,21.432063207571346,2019-08-01,25
narayanganj,2019-09-30,75.17857142857143,64.5,22.0,163.0,45.09582683445995,2019-09-01,28
narayanganj,2019-10-31,142.44444444444446,120.0,39.0,259.0,65.1142979296544,2019-10-01,27
narayanganj,2019-11-30,231.0,237.0,20.0,382.0,83.71379814582541,2019-11-01,29
narayanganj,2019-12-31,273.4642857142857,282.5,136.0,456.0,75.16327025726858,2019-12-01,28
narayanganj,2020-01-31,314.0357142857143,316.0,134.0,398.0,54.974392788223334,2020-01-01,28
narayanganj,2020-02-29,296.68,308.0,159.0,361.0,49.54351622563744,2020-02-02,25
narayanganj,2020-03-31,217.7391304347826,195.0,134.0,316.0,56.13475458160265,2020-03-01,23
narayanganj,2020-04-30,74.06666666666666,64.5,20.0,168.0,42.44585462342163,2020-04-01,30
narayanganj,2020-05-31,83.83870967741936,78.0,37.0,139.0,30.367852271981686,2020-05-01,31
narayanganj,2020-07-31,44.892857142857146,42.5,28.0,73.0,11.929854507554927,2020-07-01,28
narayanganj,2020-08-31,40.07142857142857,35.5,14.0,110.0,21.36096920298808,2020-08-01,28
narayanganj,2020-09-30,92.1,84.0,36.0,189.0,45.68843763287746,2020-09-02,10
narayanganj,2020-10-31,126.92857142857143,154.5,18.0,220.0,60.969287089927235,2020-10-01,28
narayanganj,2020-11-30,214.85,193.5,45.0,362.0,93.54890361955638,2020-11-01,20
narayanganj,2020-12-31,351.85714285714283,351.0,310.0,417.0,30.002142780617724,2020-12-02,21
narayanganj,2021-01-31,372.6666666666667,371.0,312.0,484.0,31.91093374233497,2021-01-01,27
narayanganj,2021-02-28,324.7,348.0,166.0,420.0,72.40609163090602,2021-02-01,20
narayanganj,2021-03-31,247.58333333333334,237.0,120.0,420.0,97.898757227386,2021-03-01,24
narayanganj,2021-04-30,157.0,139.5,84.0,350.0,66.10373441571741,2021-04-01,28
narayanganj,2021-05-31,153.8,155.5,87.0,191.0,27.526956485113523,2021-05-01,10
narayanganj,2021-10-31,129.88235294117646,160.0,45.0,189.0,56.423490623300204,2021-10-01,17
narayanganj,2021-11-30,280.3529411764706,260.0,202.0,388.0,63.864055986594096,2021-11-01,17
narayanganj,2021-12-31,322.69565217391306,346.0,90.0,421.0,81.30718115584797,2021-12-01,23
narayanganj,2022-01-31,348.94444444444446,354.0,213.0,443.0,61.201184362071466,2022-01-01,18
narayanganj,2022-02-28,278.8888888888889,296.0,176.0,375.0,61.123682604726945,2022-02-01,18
narayanganj,2022-03-31,271.42105263157896,310.0,127.0,369.0,90.67543817219358,2022-03-01,19
narayanganj,2022-04-30,89.11764705882354,88.0,50.0,121.0,21.391827741398046,2022-04-02,17
narayanganj,2022-05-31,96.375,88.0,47.0,213.0,45.70175051351972,2022-05-07,16
narsingdi,2019-07-31,66.91666666666667,72.5,14.0,119.0,42.66456552591567,2019-07-15,12
narsingdi,2019-11-30,198.52941176470588,215.0,13.0,373.0,103.00492563893414,2019-11-08,17
narsingdi,2019-12-31,208.33333333333334,189.5,103.0,321.0,51.39503162137678,2019-12-01,24
narsingdi,2020-01-31,225.36363636363637,214.0,134.0,353.0,55.9059971691814,2020-01-01,22
narsingdi,2020-02-29,240.45454545454547,225.5,170.0,321.0,51.84291959070507,2020-02-01,22
narsingdi,2020-08-31,19.428571428571427,16.0,9.0,43.0,9.90857679890983,2020-08-03,28
narsingdi,2020-09-30,24.185185185185187,22.0,10.0,46.0,10.183081885910408,2020-09-01,27
narsingdi,2020-10-31,41.193548387096776,43.0,12.0,89.0,19.42750516636779,2020-10-01,31
narsingdi,2020-11-30,99.92307692307692,99.5,12.0,188.0,52.39078016363038,2020-11-01,26
narsingdi,2020-12-31,168.32142857142858,162.5,52.0,348.0,59.79660189244533,2020-12-01,28
narsingdi,2021-01-31,217.5185185185185,209.0,142.0,324.0,49.1632839630195,2021-01-01,27
narsingdi,2021-02-28,211.04347826086956,214.0,131.0,284.0,38.26400903397053,2021-02-01,23
narsingdi,2021-03-31,185.33333333333334,181.0,84.0,318.0,68.94758321195334,2021-03-01,27
narsingdi,2021-04-30,123.4074074074074,116.0,55.0,218.0,49.072363567458886,2021-04-01,27
narsingdi,2021-05-31,84.10526315789474,80.0,34.0,153.0,31.764576246088453,2021-05-01,19
narsingdi,2021-10-31,63.36363636363637,70.0,19.0,120.0,32.296354987127344,2021-10-01,11
narsingdi,2021-11-30,121.85,120.0,72.0,187.0,29.946047977549295,2021-11-01,20
narsingdi,2021-12-31,159.72727272727272,162.5,34.0,327.0,62.18649510271641,2021-12-01,22
narsingdi,2022-01-31,212.25,205.5,164.0,312.0,40.81134388223064,2022-01-01,20
narsingdi,2022-02-28,177.38888888888889,176.0,115.0,254.0,33.566683217473575,2022-02-01,18
narsingdi,2022-03-31,194.3684210526316,198.0,105.0,298.0,51.31840749057225,2022-03-01,19
narsingdi,2022-04-30,78.10526315789474,76.0,40.0,161.0,32.753107972700015,2022-04-02,19
narsingdi,2022-05-31,82.6470588235294,83.0,33.0,142.0,33.578157290995335,2022-05-04,17
rajshahi,2014-02-28,164.41666666666666,165.0,118.0,217.0,27.74054575504741,2014-02-17,12
rajshahi,2014-03-31,233.96296296296296,233.0,138.0,350.0,64.21806688121431,2014-03-01,27
rajshahi,2014-05-31,136.3181818181818,151.0,18.0,239.0,62.05250185941731,2014-05-10,22
rajshahi,2014-06-30,94.75,94.5,27.0,162.0,37.33494540170305,2014-06-01,28
rajshahi,2014-07-31,63.28,58.0,25.0,122.0,26.5228203628498,2014-07-01,25
rajshahi,2014-08-31,50.45454545454545,47.0,38.0,72.0,10.893701265994368,2014-08-21,11
rajshahi,2014-09-30,57.758620689655174,51.0,24.0,112.0,21.350234479163717,2014-09-01,29
rajshahi,2014-10-31,99.41935483870968,83.0,30.0,369.0,70.07984693359826,2014-10-01,31
rajshahi,2014-11-30,212.04166666666666,216.0,60.0,479.0,105.21054632483863,2014-11-01,24
rajshahi,2014-12-31,287.8,217.5,97.0,638.0,178.4661810477766,2014-12-02,10
rajshahi,2015-01-31,3.85,0.0,0.0,77.0,17.217723426748382,2015-01-01,20
rajshahi,2015-02-28,12.571428571428571,0.0,0.0,176.0,47.03797857658669,2015-02-08,14
rajshahi,2015-03-31,0.0,0.0,0.0,0.0,0.0,2015-03-01,14
rajshahi,2015-07-31,30.0,28.0,16.0,44.0,8.321658488546616,2015-07-23,9
rajshahi,2015-08-31,49.11538461538461,44.5,25.0,94.0,20.4202388293123,2015-08-02,26
rajshahi,2015-09-30,101.9,107.5,21.0,185.0,56.40882176055261,2015-09-01,30
rajshahi,2015-10-31,118.25806451612904,113.0,47.0,371.0,62.560886471732736,2015-10-01,31
rajshahi,2015-11-30,151.2,140.5,58.0,309.0,53.18547486712989,2015-11-01,20
rajshahi,2015-12-31,230.74193548387098,204.0,104.0,376.0,70.88533827806495,2015-12-01,31
rajshahi,2016-01-31,263.55555555555554,261.0,185.0,355.0,55.114023220552106,2016-01-01,18
rajshahi,2016-02-29,218.83333333333334,194.5,124.0,334.0,69.59906185980316,2016-02-01,18
rajshahi,2016-03-31,172.3793103448276,170.0,126.0,252.0,26.687896926594508,2016-03-01,29
rajshahi,2016-04-30,128.6,132.5,84.0,155.0,20.543720316545503,2016-04-03,10
rajshahi,2016-05-31,94.6086956521739,86.0,21.0,200.0,52.08885688760801,2016-05-02,23
rajshahi,2016-06-30,66.52380952380952,66.0,21.0,146.0,29.02002592627899,2016-06-01,21
rajshahi,2016-07-31,50.96,49.0,21.0,79.0,18.121074287506612,2016-07-01,25
rajshahi,2016-08-31,53.130434782608695,53.0,19.0,97.0,22.738242411940938,2016-08-04,23
rajshahi,2016-09-30,54.82142857142857,54.5,14.0,141.0,29.84286448795693,2016-09-01,28
rajshahi,2016-10-31,64.61904761904762,59.0,20.0,166.0,41.89090138738506,2016-10-01,21
rajshahi,2016-11-30,127.20833333333333,126.5,29.0,303.0,64.95883590643264,2016-11-01,24
rajshahi,2016-12-31,192.74074074074073,183.0,82.0,376.0,79.2452826029084,2016-12-01,27
rajshahi,2017-01-31,199.1904761904762,176.0,109.0,384.0,77.1943126451807,2017-01-01,21
rajshahi,2017-02-28,244.6315789473684,231.0,167.0,381.0,62.554163664882175,2017-02-01,19
rajshahi,2017-03-31,157.66666666666666,163.5,74.0,205.0,34.2438852667293,2017-03-01,30
rajshahi,2017-04-30,105.41379310344827,102.0,22.0,172.0,38.25806846869906,2017-04-01,29
rajshahi,2017-05-31,89.6,88.0,37.0,150.0,27.369250301551293,2017-05-02,30
rajshahi,2017-06-30,69.77777777777777,65.0,20.0,158.0,33.77907105036551,2017-06-01,27
rajshahi,2017-07-31,53.875,40.5,21.0,141.0,34.36252804048814,2017-07-10,16
rajshahi,2017-08-31,62.2962962962963,48.0,33.0,147.0,27.88136241955135,2017-08-01,27
rajshahi,2017-09-30,62.84,58.0,26.0,151.0,32.53802903270776,2017-09-01,25
rajshahi,2017-10-31,81.53333333333333,58.0,7.0,227.0,61.31475230786399,2017-10-01,30
rajshahi,2017-11-30,167.0,138.0,44.0,378.0,83.7968558090234,2017-11-01,24
rajshahi,2017-12-31,225.61290322580646,221.0,38.0,338.0,68.64870837306644,2017-12-01,31
rajshahi,2018-01-31,284.9230769230769,306.0,110.0,391.0,57.91229443005903,2018-01-03,26
rajshahi,2018-02-28,261.2857142857143,280.0,105.0,392.0,79.06390155501137,2018-02-01,28
rajshahi,2018-03-31,154.05,144.0,95.0,237.0,37.76725816727611,2018-03-01,20
rajshahi,2018-04-30,111.0,113.0,59.0,175.0,32.92658500361069,2018-04-01,26
rajshahi,2018-05-31,102.9047619047619,105.0,23.0,170.0,33.76522584243257,2018-05-01,21
rajshahi,2018-06-30,84.03333333333333,81.0,34.0,172.0,27.98088427940531,2018-06-01,30
rajshahi,2018-07-31,70.22222222222223,66.0,40.0,116.0,19.772423168360476,2018-07-01,27
rajshahi,2018-08-31,79.08333333333333,77.0,46.0,133.0,22.51167169089938,2018-08-01,24
rajshahi,2018-09-30,98.45454545454545,104.0,13.0,160.0,34.90767042564505,2018-09-01,22
rajshahi,2018-10-31,169.52,172.0,60.0,288.0,54.27485605692566,2018-10-01,25
rajshahi,2018-11-30,233.23809523809524,225.0,157.0,406.0,71.00979141069544,2018-11-05,21
rajshahi,2018-12-31,232.96,225.0,87.0,439.0,65.22811254870606,2018-12-02,25
rajshahi,2019-01-31,257.17857142857144,242.0,129.0,422.0,86.23785091951754,2019-01-01,28
rajshahi,2019-02-28,245.04545454545453,229.5,38.0,402.0,90.13929816452462,2019-02-03,22
rajshahi,2019-03-31,203.76923076923077,199.5,96.0,310.0,54.11196369920995,2019-03-03,26
rajshahi,2019-04-30,128.92592592592592,162.0,28.0,192.0,60.77064443521415,2019-04-03,27
rajshahi,2019-05-31,131.76,126.0,25.0,223.0,54.74888126710901,2019-05-01,25
rajshahi,2019-06-30,63.2962962962963,59.0,27.0,117.0,27.305697932869975,2019-06-01,27
rajshahi,2019-07-31,66.8,64.0,28.0,160.0,33.31916365496989,2019-07-01,25
rajshahi,2019-08-31,45.7,45.0,23.0,79.0,15.18690571720118,2019-08-01,20
rajshahi,2019-09-30,55.407407407407405,53.0,28.0,99.0,18.48754104225799,2019-09-01,27
rajshahi,2019-10-31,110.39285714285714,115.0,16.0,173.0,43.84935430557527,2019-10-01,28
rajshahi,2019-11-30,161.85185185185185,160.0,15.0,325.0,68.58778973173652,2019-11-01,27
rajshahi,2019-12-31,205.79310344827587,209.0,131.0,291.0,38.00787447579105,2019-12-01,29
rajshahi,2020-01-31,211.6206896551724,189.0,139.0,309.0,48.280736910803725,2020-01-01,29
rajshahi,2020-02-29,186.76,180.0,97.0,269.0,44.03150387317395,2020-02-01,25
rajshahi,2020-03-31,157.34782608695653,155.0,88.0,307.0,51.178483312327636,2020-03-01,23
rajshahi,2020-04-30,100.1,106.5,30.0,173.0,47.53826045299251,2020-04-01,30
rajshahi,2020-05-31,34.67741935483871,32.0,20.0,72.0,9.474130027867792,2020-05-01,31
rajshahi,2020-06-30,47.035714285714285,39.0,20.0,86.0,18.518223542624256,2020-06-01,28
rajshahi,2020-07-31,48.51724137931034,52.0,15.0,80.0,17.373256725815217,2020-07-01,29
rajshahi,2020-08-31,44.10344827586207,40.0,18.0,89.0,19.607478215477975,2020-08-01,29
rajshahi,2020-09-30,69.16666666666667,64.0,37.0,105.0,23.93868430095117,2020-09-01,12
rajshahi,2020-10-31,97.3225806451613,106.0,16.0,166.0,42.495793593228484,2020-10-01,31
rajshahi,2020-11-30,176.53846153846155,170.0,99.0,312.0,59.32434965120529,2020-11-01,26
rajshahi,2020-12-31,251.93103448275863,235.0,171.0,397.0,63.269226910810495,2020-12-01,29
rajshahi,2021-01-31,270.46153846153845,266.5,198.0,346.0,39.735355309075345,2021-01-01,26
rajshahi,2021-02-28,282.0869565217391,294.0,152.0,336.0,49.32629120410909,2021-02-01,23
rajshahi,2021-03-31,252.7037037037037,238.0,177.0,364.0,67.35144040194331,2021-03-01,27
rajshahi,2021-04-30,170.06896551724137,162.0,95.0,275.0,46.0240085130132,2021-04-01,29
rajshahi,2021-05-31,107.80952380952381,112.0,47.0,168.0,33.39853147612787,2021-05-01,21
rajshahi,2021-10-31,130.9090909090909,154.0,37.0,194.0,52.917644092278486,2021-10-01,22
rajshahi,2021-11-30,213.4,185.5,147.0,384.0,66.32249757217022,2021-11-01,20
rajshahi,2021-12-31,248.17391304347825,250.0,115.0,321.0,59.6639469132308,2021-12-01,23
rajshahi,2022-01-31,232.75,219.5,161.0,375.0,62.08303014172993,2022-01-01,20
rajshahi,2022-02-28,193.55555555555554,191.0,63.0,314.0,57.12341872927654,2022-02-01,18
rajshahi,2022-03-31,191.73684210526315,190.0,158.0,230.0,21.653437256686058,2022-03-01,19
rajshahi,2022-04-30,122.57894736842105,121.0,60.0,185.0,28.449401066676806,2022-04-02,19
rajshahi,2022-05-31,94.5,88.0,47.0,153.0,32.776007485150885,2022-05-07,16
rangpur,2019-06-30,60.333333333333336,54.5,16.0,128.0,35.86904285444647,2019-06-09,18
rangpur,2019-07-31,62.22222222222222,62.0,13.0,97.0,27.671184370106833,2019-07-01,9
rangpur,2019-09-30,64.26315789473684,42.0,14.0,148.0,41.03906283484764,2019-09-09,19
rangpur,2019-10-31,150.21052631578948,163.0,38.0,204.0,46.74586012254444,2019-10-10,19
rangpur,2019-11-30,209.21428571428572,214.0,78.0,312.0,56.98561036226415,2019-11-01,28
rangpur,2019-12-31,256.61538461538464,250.0,153.0,466.0,71.30389999043639,2019-12-01,26
rangpur,2020-01-31,309.85714285714283,325.0,167.0,383.0,54.34983681580617,2020-01-04,28
rangpur,2020-02-29,304.0,317.0,117.0,382.0,65.44127138129271,2020-02-01,26
rangpur,2020-03-31,233.54545454545453,215.0,166.0,311.0,59.06329424670391,2020-03-01,11
rangpur,2020-07-31,81.625,78.5,42.0,134.0,26.323757660928738,2020-07-08,24
rangpur,2020-08-31,41.53333333333333,31.5,15.0,88.0,21.92736179758748,2020-08-01,30
rangpur,2020-09-30,43.56666666666667,33.0,14.0,162.0,30.920011747034987,2020-09-01,30
rangpur,2020-10-31,79.2258064516129,81.0,20.0,139.0,35.89401962947714,2020-10-01,31
rangpur,2020-11-30,208.34615384615384,186.0,132.0,322.0,54.71448971356112,2020-11-01,26
rangpur,2020-12-31,326.84,326.0,228.0,406.0,49.82191619491701,2020-12-01,25
rangpur,2021-01-31,316.85185185185185,314.0,238.0,398.0,38.96714958062427,2021-01-01,27
rangpur,2021-02-28,341.2608695652174,332.0,255.0,420.0,50.03745632596767,2021-02-01,23
rangpur,2021-03-31,290.0740740740741,286.0,165.0,488.0,90.44204516022143,2021-03-01,27
rangpur,2021-04-30,234.10714285714286,238.5,106.0,334.0,69.01547828846977,2021-04-01,28
rangpur,2021-05-31,133.4,122.5,79.0,196.0,39.05608502881181,2021-05-01,10
rangpur,2021-10-31,136.15,125.0,47.0,243.0,61.91698602075796,2021-10-01,20
rangpur,2021-11-30,252.89473684210526,250.0,161.0,387.0,58.312276901411586,2021-11-01,19
rangpur,2021-12-31,300.3478260869565,320.0,171.0,397.0,68.3171805196189,2021-12-01,23
rangpur,2022-01-31,309.9,314.0,199.0,394.0,44.75300636769968,2022-01-01,20
rangpur,2022-02-28,272.6875,269.0,171.0,441.0,70.92128852937365,2022-02-01,16
rangpur,2022-03-31,292.27777777777777,310.0,173.0,381.0,65.03465642215473,2022-03-01,18
rangpur,2022-04-30,141.0,147.0,76.0,206.0,30.904026008425053,2022-04-02,18
rangpur,2022-05-31,136.6875,136.0,84.0,184.0,33.60102925010878,2022-05-07,16
savar,2019-06-30,85.86363636363636,91.5,16.0,158.0,38.78180164108082,2019-06-09,22
savar,2019-07-31,77.16129032258064,76.0,15.0,163.0,38.025514920198475,2019-07-01,31
savar,2019-08-31,83.74074074074075,82.0,35.0,132.0,27.017932211193752,2019-08-01,27
savar,2019-09-30,68.89285714285714,64.0,21.0,139.0,38.69284486033875,2019-09-01,28
savar,2019-11-30,229.86363636363637,222.5,118.0,365.0,57.90081457979956,2019-11-03,22
savar,2019-12-31,275.05555555555554,276.0,183.0,391.0,53.42996760160441,2019-12-01,18
savar,2020-01-31,289.625,301.0,147.0,360.0,46.17905840077955,2020-01-01,24
savar,2020-02-29,288.77777777777777,291.0,195.0,327.0,40.86189477305774,2020-02-03,9
savar,2022-01-31,366.2307692307692,356.0,307.0,471.0,59.88065052829926,2022-01-11,13
savar,2022-02-28,253.9375,226.0,151.0,367.0,67.08548650788784,2022-02-01,16
savar,2022-03-31,273.6842105263158,288.0,153.0,334.0,57.86771565061025,2022-03-01,19
savar,2022-04-30,133.78947368421052,134.0,102.0,160.0,19.758483262100697,2022-04-02,19
savar,2022-05-31,126.9375,116.5,73.0,180.0,36.806645686161986,2022-05-04,16
sylhet,2014-02-28,197.75,196.0,129.0,280.0,36.85875990613603,2014-02-17,12
sylhet,2014-03-31,183.23076923076923,178.5,107.0,280.0,40.84047765862459,2014-03-01,26
sylhet,2014-04-30,143.66666666666666,156.0,43.0,197.0,44.80813799712315,2014-04-01,27
sylhet,2014-05-31,64.66666666666667,57.5,29.0,120.0,26.864068212382506,2014-05-01,30
sylhet,2014-06-30,71.86206896551724,73.0,25.0,140.0,30.30643983655128,2014-06-01,29
sylhet,2014-07-31,46.92,44.0,23.0,122.0,20.979990467109367,2014-07-01,25
sylhet,2014-08-31,60.54545454545455,62.0,27.0,104.0,22.958064536731474,2014-08-21,11
sylhet,2014-09-30,60.89655172413793,56.0,23.0,115.0,25.19260779841438,2014-09-01,29
sylhet,2014-10-31,70.39285714285714,77.5,23.0,154.0,34.66702914950905,2014-10-03,28
sylhet,2014-11-30,147.4,154.5,62.0,286.0,50.94459465083545,2014-11-01,30
sylhet,2014-12-31,189.46666666666667,180.5,73.0,446.0,68.3947635288033,2014-12-01,30
sylhet,2015-01-31,187.1290322580645,197.0,0.0,356.0,97.49931347979972,2015-01-01,31
sylhet,2015-02-28,163.22222222222223,194.0,0.0,312.0,107.1387789211635,2015-02-01,27
sylhet,2015-03-31,169.66666666666666,174.5,0.0,280.0,67.28597401279536,2015-03-01,30
sylhet,2015-04-30,79.75,74.0,58.0,143.0,21.90738079582617,2015-04-02,16
sylhet,2015-05-31,89.93548387096774,88.0,28.0,244.0,40.13554989770786,2015-05-01,31
sylhet,2015-06-30,56.53846153846154,53.5,23.0,97.0,20.278522173434173,2015-06-01,26
sylhet,2015-07-31,48.766666666666666,43.5,10.0,99.0,20.605796528518685,2015-07-01,30
sylhet,2015-08-31,57.294117647058826,62.0,25.0,107.0,22.632290830477015,2015-08-01,17
sylhet,2015-10-31,72.41935483870968,69.0,0.0,151.0,36.80559214172795,2015-10-02,31
sylhet,2015-11-30,115.85,121.0,17.0,208.0,42.14795368698224,2015-11-01,20
sylhet,2015-12-31,206.0,195.0,104.0,337.0,64.2095527680007,2015-12-01,31
sylhet,2016-01-31,194.3,190.5,140.0,259.0,39.203316186261596,2016-01-01,10
sylhet,2016-04-30,70.57142857142857,66.0,41.0,120.0,22.804761407590803,2016-04-10,21
sylhet,2016-05-31,63.516129032258064,60.0,15.0,124.0,27.850638493868125,2016-05-01,31
sylhet,2016-06-30,45.0,37.5,14.0,106.0,26.594010214902614,2016-06-01,30
sylhet,2016-07-31,34.71875,27.5,11.0,104.0,22.217741203676592,2016-07-01,32
sylhet,2016-08-31,50.96774193548387,41.0,13.0,109.0,27.306267743221813,2016-08-01,31
sylhet,2016-09-30,47.55172413793103,46.0,13.0,92.0,22.51917628361683,2016-09-01,29
sylhet,2016-10-31,65.53333333333333,67.5,28.0,116.0,21.461647160704484,2016-10-01,30
sylhet,2016-11-30,103.65517241379311,105.0,26.0,176.0,41.7400765469804,2016-11-01,29
sylhet,2016-12-31,166.0,154.0,47.0,310.0,72.46792393880206,2016-12-01,31
sylhet,2017-01-31,179.25806451612902,180.0,75.0,328.0,63.315594572972564,2017-01-01,31
sylhet,2017-02-28,202.46428571428572,178.0,89.0,317.0,64.18115688791299,2017-02-01,28
sylhet,2017-03-31,126.70967741935483,120.0,39.0,227.0,50.414411662002024,2017-03-01,31
sylhet,2017-04-30,85.5,77.0,26.0,170.0,41.80393480902536,2017-04-01,30
sylhet,2017-05-31,64.96774193548387,64.0,14.0,141.0,27.401318546094025,2017-05-01,31
sylhet,2017-06-30,38.5,29.5,13.0,108.0,22.13711191953302,2017-06-01,30
sylhet,2017-07-31,32.58064516129032,26.0,9.0,88.0,17.526692392934816,2017-07-01,31
sylhet,2017-08-31,40.96875,40.0,15.0,75.0,14.409863053679812,2017-08-01,32
sylhet,2017-09-30,55.2,55.0,8.0,107.0,29.162328084539904,2017-09-01,30
sylhet,2017-10-31,66.16129032258064,59.0,10.0,150.0,38.88881310796508,2017-10-01,31
sylhet,2017-11-30,119.7,108.5,36.0,205.0,45.1985275927405,2017-11-01,30
sylhet,2017-12-31,137.7741935483871,145.0,9.0,195.0,42.550918264607276,2017-12-01,31
sylhet,2018-01-31,205.25806451612902,202.0,94.0,318.0,68.48112525454754,2018-01-01,31
sylhet,2018-02-28,221.64285714285714,206.0,105.0,341.0,54.114565907768714,2018-02-01,28
sylhet,2018-03-31,160.70967741935485,162.0,57.0,308.0,46.0225984695831,2018-03-01,31
sylhet,2018-04-30,107.1,94.5,40.0,192.0,41.83493837649957,2018-04-01,30
sylhet,2018-05-31,48.54838709677419,43.0,26.0,96.0,19.06277123903626,2018-05-01,31
sylhet,2018-06-30,46.833333333333336,48.0,10.0,94.0,24.37647726145353,2018-06-01,30
sylhet,2018-07-31,34.32258064516129,29.0,17.0,66.0,12.541629603774766,2018-07-01,31
sylhet,2018-08-31,40.806451612903224,42.0,13.0,116.0,21.55213733382176,2018-08-01,31
sylhet,2018-09-30,62.93333333333333,53.0,14.0,130.0,34.28977261148179,2018-09-01,30
sylhet,2018-10-31,93.51612903225806,110.0,13.0,147.0,44.73467779977254,2018-10-01,31
sylhet,2018-11-30,124.06896551724138,120.0,47.0,187.0,35.81194038154907,2018-11-01,29
sylhet,2018-12-31,151.3548387096774,158.0,84.0,240.0,34.77120301542333,2018-12-01,31
sylhet,2019-01-31,167.58620689655172,174.0,78.0,250.0,45.34669403714588,2019-01-01,29
sylhet,2019-02-28,179.14285714285714,186.5,58.0,262.0,52.62214312520869,2019-02-01,28
sylhet,2019-03-31,155.10714285714286,166.0,45.0,217.0,40.441397277500364,2019-03-01,28
sylhet,2019-04-30,99.9,103.5,34.0,173.0,41.72268877506206,2019-04-01,30
sylhet,2019-05-31,65.11111111111111,66.0,10.0,108.0,27.664658561661902,2019-05-01,27
sylhet,2019-06-30,43.07142857142857,33.5,18.0,97.0,23.893170528073455,2019-06-03,28
sylhet,2019-07-31,34.903225806451616,25.0,9.0,129.0,26.51082148696978,2019-07-01,31
sylhet,2019-08-31,36.25,30.0,13.0,97.0,23.431591360473377,2019-08-01,20
sylhet,2019-09-30,43.34615384615385,44.0,16.0,69.0,15.630591307285357,2019-09-01,26
sylhet,2019-10-31,72.35714285714286,68.0,23.0,164.0,38.03430642996486,2019-10-01,28
sylhet,2019-11-30,98.63636363636364,96.0,32.0,184.0,41.273242173114035,2019-11-01,22
sylhet,2019-12-31,151.4814814814815,155.0,94.0,206.0,26.591453760661782,2019-12-04,27
sylhet,2020-08-31,36.666666666666664,29.0,6.0,82.0,23.72886056112707,2020-08-01,18
sylhet,2020-11-30,113.34782608695652,112.0,10.0,193.0,47.60023748570644,2020-11-01,23
sylhet,2020-12-31,160.24137931034483,164.0,63.0,241.0,38.432366542142006,2020-12-01,29
sylhet,2021-01-31,230.11111111111111,236.0,145.0,314.0,45.56595670296423,2021-01-01,27
sylhet,2021-02-28,206.56521739130434,212.0,144.0,309.0,39.05802919079219,2021-02-01,23
sylhet,2021-03-31,181.2,179.0,70.0,346.0,69.04889571890344,2021-03-01,25
sylhet,2021-04-30,123.75,109.5,53.0,299.0,65.74274633487845,2021-04-01,24
sylhet,2021-05-31,77.76923076923077,75.0,48.0,121.0,21.303966164988488,2021-05-01,13
sylhet,2021-10-31,80.5,85.5,23.0,132.0,36.25669067975757,2021-10-01,22
sylhet,2021-11-30,124.65,130.5,39.0,155.0,27.517028220817437,2021-11-01,20
sylhet,2021-12-31,152.8695652173913,159.0,54.0,310.0,49.3487628543707,2021-12-01,23
sylhet,2022-01-31,185.25,176.0,145.0,317.0,38.59762059751188,2022-01-01,20
sylhet,2022-02-28,169.77777777777777,174.0,117.0,244.0,37.48592328387344,2022-02-01,9
sylhet,2022-03-31,195.89473684210526,188.0,93.0,269.0,53.565012147070306,2022-03-01,19
sylhet,2022-04-30,100.36842105263158,99.0,65.0,147.0,25.027119793260248,2022-04-02,19
